timestamp,name,device_name,hit_score,speed,hit_accuracy,hit_ratio,hit_factor
2024-01-24 15:04:18,GUEST,PICO-01,73.0,5.178454545454546,0.9248986,0.0,17.4411781
2024-01-24 15:09:28,GUEST,PICO-01,51.0,14.319299999999998,0.6219373,0.0,10.249997999999998
2024-01-24 15:20:56,20004,PICO-02,126.0,6.649454545454545,0.936416,0.3333333,17.4600014
2024-01-24 15:40:36,20006,PICO-02,139.0,6.361111111111111,0.9434679,0.9166667,31.354886599999997
2024-01-24 15:47:35,20007,PICO-02,95.0,5.4773,0.9179966,0.0,21.531319099999997
2024-01-24 15:55:40,GUEST,PICO-02,136.0,2.6540500000000002,0.934828,0.0,61.00786999999999
2024-01-24 19:20:57,GUEST,PICO-01,172.0,2.308,1.0,0.0,81.8208086
2024-01-24 19:45:33,GUEST,PICO-01,141.0,3.3047307692307695,0.9952612,0.0,40.5785403
2024-01-28 11:28:55,1008,PICO-01,77.0,1.6116190476190477,0.9701004,0.0,56.465247600000005
2024-01-31 01:14:31,1005,PICO-01,97.0,3.394363636363637,0.9688612,0.0,34.16924
2024-01-31 01:27:34,1010,PICO-01,164.0,2.7363823529411766,0.9679964,0.0,73.79260339999999
2024-01-31 19:02:12,GUEST,PICO-01,97.0,4.823384615384616,0.8991404,0.0,23.6936195
2024-01-31 21:50:34,GUEST,PICO-01,59.0,5.785,0.7292036,0.0,13.021038899999999
2024-02-03 02:43:21,GUEST,PICO-01,113.0,5.155875000000001,0.9516734,0.0,19.462999499999995
2024-02-03 03:02:18,GUEST,PICO-01,52.0,4.747000000000001,0.8326815,0.0,15.183947399999997
2024-02-03 03:46:23,GUEST,PICO-01,97.0,5.260777777777778,0.9307323,0.0,21.8907372
2024-02-03 14:50:22,1014,PICO-01,232.0,2.9443953488372094,1.0,0.0,91.30758429999999
2024-02-03 22:37:02,1015,PICO-01,116.0,3.6622222222222223,0.9872496,0.0,39.252552
2024-02-03 23:02:10,1016,PICO-01,36.0,4.932105263157895,0.8414231,0.0,11.530467199999999
2024-02-03 23:37:13,1017,PICO-01,97.0,4.065055555555556,0.9933427,0.0,31.604775399999998
2024-02-04 01:57:02,1018,PICO-01,117.0,3.817222222222222,0.9826833,0.0,34.0187382
2024-02-04 02:58:31,1019,PICO-01,125.0,4.091600000000001,0.902125,0.0,28.819835200000004
2024-02-04 04:37:10,1020,PICO-01,38.0,4.5718,0.7364809,0.0,10.6445073
2024-02-04 05:01:41,1021,PICO-01,140.0,5.313357142857143,0.9225734,0.0,28.210257600000006
2024-02-04 05:20:01,1022,PICO-01,57.0,3.7982307692307695,0.828883,0.0,15.616062200000002
2024-02-05 19:05:21,1023,PICO-01,125.0,3.4565555555555556,0.9380465,0.0,40.404547
2024-02-05 20:19:52,1023,PICO-01,110.0,5.394,0.9768108,0.0,19.1808401
2024-02-05 20:48:31,1023,PICO-01,57.0,4.803090909090908,0.7946306,0.0,14.4712177
2024-02-08 04:03:08,GUEST,PICO-01,105.0,9.393666666666666,0.8322237,0.0,12.133492259999999
2024-02-08 04:42:00,GUEST,PICO-01,53.0,5.0593076923076925,0.778972,0.0,11.0508706
2024-02-09 14:21:24,GUEST,PICO-01,131.0,3.944375,0.9358966,0.0,39.124775
2024-02-09 18:20:20,1024,PICO-01,10.0,10.8705,0.5713441,0.0,1.67993583
2024-02-09 18:42:40,1026,PICO-01,89.0,7.122125,0.8872342,0.0,14.365480900000001
2024-02-09 19:00:14,1027,PICO-01,71.0,4.182625,0.8769223,0.0,23.712698
2024-02-09 19:22:45,1028,PICO-01,75.0,5.339499999999999,0.764373,0.0,13.579167000000002
2024-02-09 19:40:56,1029,PICO-01,82.0,10.037875,0.8600671,0.0,9.518631
2024-02-09 23:36:49,1029,PICO-01,86.0,4.46525,0.859877,0.0,24.549257
2024-02-10 01:54:09,GUEST,PICO-01,108.0,5.272125,0.8672979,0.0,25.728057
2024-02-10 02:10:27,GUEST,PICO-01,71.0,6.76875,0.8016968,0.0,14.2084286
2024-02-10 02:27:08,GUEST,PICO-01,81.0,4.302125,0.7304867,0.0,24.326593
2024-02-10 02:41:28,GUEST,PICO-01,30.0,7.40975,0.4984914,0.0,5.4914060000000005
2024-02-10 02:55:58,GUEST,PICO-01,23.0,11.368625,0.5779362,0.0,4.80853087
2024-02-11 00:23:13,1030,PICO-01,110.0,7.880375,0.9341139,0.0,22.091115699999996
2024-02-11 00:55:38,1031,PICO-01,73.0,6.645625,0.8253577,0.25,19.698442999999997
2024-02-11 01:30:50,GUEST,PICO-01,79.0,3.5988749999999996,0.8285898,0.6666667,27.98671
2024-02-11 01:37:56,GUEST,PICO-01,105.0,9.041125000000001,0.9494444,0.0,14.287391999999999
2024-02-11 01:49:01,GUEST,PICO-01,60.0,6.52375,0.8407493,0.0,14.2083785
2024-02-11 02:11:45,GUEST,PICO-01,112.0,8.2525,0.9537643,0.0,16.3831168
2024-02-11 03:11:26,GUEST,PICO-01,43.0,4.803,0.7561514,0.0,9.3310921
2024-02-11 04:17:34,1032,PICO-01,25.0,5.916,0.6196029,0.0,12.356260500000001
2024-02-11 04:58:01,GUEST,PICO-01,47.0,5.9165,0.6753947,0.0,11.57586676
2024-02-14 01:16:05,GUEST,PICO-01,48.0,10.749500000000001,0.8246782,0.0,6.6511891499999996
2024-02-14 01:23:55,GUEST,PICO-01,67.0,6.874125,0.850457,0.0,13.975473299999999
2024-02-14 02:03:25,GUEST,PICO-01,24.0,8.4655,0.3870178,0.0,3.9582764000000004
2024-02-16 17:58:52,1020,PICO-01,27.0,1.8980000000000001,0.8503903,0.0,24.0072321
2024-02-16 22:25:45,1061,PICO-01,58.0,5.8488750000000005,0.8908266,0.0,16.5447752
2024-02-18 01:16:17,1062,PICO-01,66.0,5.1255,0.786225,0.0,16.920635
2024-02-18 01:51:37,1063,PICO-01,71.0,5.027,0.8136994,0.0,18.075699000000004
2024-02-18 04:34:54,1064,PICO-01,60.0,4.607374999999999,0.7714735,0.0,18.8177569
2024-02-18 23:09:09,1066,PICO-01,85.0,6.7764999999999995,0.8571962,0.0,17.678330499999998
2024-02-21 23:39:00,1068,PICO-01,72.0,5.723999999999999,0.8013815,0.0,15.046292000000001
2024-02-21 23:58:37,1069,PICO-01,105.0,7.72325,0.8533387,0.0,17.716219000000002
2024-02-22 00:22:24,1070,PICO-01,46.0,7.886125,0.7188789,0.0,6.2637133
2024-02-22 00:51:48,1071,PICO-01,43.0,4.5155,0.8681719,0.0,13.487853300000001
2024-02-22 01:14:34,1072,PICO-01,43.0,4.756,0.4140985,0.0,10.4973007
2024-02-22 03:19:50,1073,PICO-01,57.0,5.1267499999999995,0.8221936,0.0,12.7901547
2024-02-23 04:20:50,GUEST,PICO-01,73.0,4.39525,0.9178497,0.0,31.463872
2024-02-23 20:19:14,1078,PICO-01,39.0,6.546124999999999,0.7586644,0.0,11.1939111
2024-02-23 20:51:30,1079,PICO-01,58.0,6.651250000000001,0.7595024,0.0,15.408898300000002
2024-02-23 21:25:44,1080,PICO-01,47.0,6.558375,0.672164,0.0,10.1685429
2024-02-23 22:16:57,1081,PICO-01,46.0,8.507124999999998,0.675659,0.0,8.733581899999999
2024-02-23 23:01:58,1082,PICO-01,57.0,6.7398750000000005,0.5477524,0.0,6.9664865
2024-02-27 16:33:07,1088,PICO-01,62.0,7.38,0.8118442,0.0,13.1534868
2024-02-29 20:00:15,1092,PICO-01,81.0,8.866,0.9106924,0.0,16.9116256
2024-03-03 02:45:13,1098,PICO-01,49.0,8.927750000000001,0.7178396,0.0,9.572901
2024-03-05 21:35:48,1103,PICO-01,48.0,6.986375,0.6871453,0.0,11.000508300000002
2024-03-06 22:00:50,1104,PICO-01,66.0,5.8015,0.9839937,0.0,14.7326825
2024-03-06 22:51:42,1105,PICO-01,72.0,3.6652500000000003,0.8436778,0.0,25.269935400000005
2024-03-07 03:12:49,1107,PICO-01,57.0,5.9005,0.766999,0.0,16.5454053
2024-03-07 18:33:23,1109,PICO-01,47.0,4.0945,0.8288331,0.0,17.880505199999998
2024-03-07 19:09:35,1110,PICO-01,102.0,4.014875,0.9202369,0.75,31.613401
2024-03-07 19:29:37,1111,PICO-01,49.0,5.4055,0.7166422,0.0,12.7135858
2024-03-07 21:20:44,1112,PICO-01,98.0,5.53275,0.9606711,0.0,23.691061
2024-05-30 12:47:43,GUEST,PICO-02,36.0,2.9538749999999996,0.8628448,0.0,13.0652
2024-06-02 13:19:03,GUEST,PICO-06,110.0,6.071625,0.9651501,0.0,19.166210999999997
2024-06-02 14:39:02,GUEST,PICO-04,124.0,5.684000000000001,0.9021059,0.875,23.004891
2024-06-03 10:45:40,1003,PICO-06,116.0,6.654000000000001,0.9484728,0.0,19.237048
2024-06-03 10:46:01,1008,PICO-02,102.0,5.4106250000000005,0.9559523,0.0,18.3681326
2024-06-03 10:50:00,1002,PICO-04,20.0,6.653874999999999,0.6151596,0.0,4.56986913
2024-06-04 11:13:46,4002,PICO-04,79.0,6.924625,0.8852648,0.0,13.628970599999999
2024-06-04 11:32:28,2003,PICO-02,92.0,6.656375000000001,0.9006482,1.0,18.7060335
2024-06-04 11:42:33,1006,PICO-06,90.0,6.220625,0.8689119,0.0,19.2441757
2024-06-04 11:45:49,4003,PICO-04,51.0,5.314875,0.8523623,0.0,10.624647
2024-06-04 11:53:37,2004,PICO-02,85.0,5.996,0.907936,0.0,21.1357551
2024-06-04 12:15:31,2005,PICO-02,91.0,4.65275,0.9228894,0.0,28.279113
2024-06-04 12:24:37,4004,PICO-04,90.0,6.210624999999999,0.913792,1.0,21.7514633
2024-06-04 13:31:46,4005,PICO-04,74.0,5.97,0.8543288,0.0,19.8617359
2024-06-04 13:39:27,2006,PICO-02,64.0,6.852,0.6780226,0.0,10.715341299999999
2024-06-04 14:00:39,4006,PICO-04,70.0,5.55475,0.7405229,0.0,14.027641999999998
2024-06-04 14:03:06,4006,PICO-04,88.0,4.72375,0.9747928,0.0,24.040889000000004
2024-06-04 14:22:42,4007,PICO-04,91.0,7.629625,0.946712,0.8333333,15.106231800000002
2024-06-04 14:27:37,2008,PICO-02,92.0,6.657875,0.8515687,0.0,20.8108594
2024-06-04 14:31:10,1008,PICO-06,84.0,6.489375000000001,0.9434583,0.0,18.0938676
2024-06-04 14:54:30,1009,PICO-06,70.0,6.122875,0.7534434,0.0,15.8061968
2024-06-04 15:03:22,2009,PICO-02,84.0,6.613375,0.9579305,0.0,18.580371000000003
2024-06-04 15:04:23,1010,PICO-06,83.0,4.568,0.7719841,0.0,23.107816
2024-06-04 15:06:29,2009,PICO-02,112.0,6.913875,0.9597266,0.0,18.702180000000002
2024-06-05 09:57:16,1012,PICO-06,31.0,6.317374999999999,0.6008467,0.0,6.766863799999999
2024-06-05 09:59:20,4009,PICO-04,69.0,5.812625,0.9822944,0.0,19.102379000000003
2024-06-05 10:30:55,1012,PICO-06,58.0,5.397625,0.8289489,0.0,12.2847999
2024-06-05 10:35:38,4010,PICO-04,63.0,6.609,0.7562427,0.0,11.8270594
2024-06-05 11:45:07,4012,PICO-04,82.0,5.327999999999999,0.8746594,0.5833333,22.201933899999997
2024-06-05 11:46:33,1014,PICO-06,92.0,5.64025,0.8418763,0.0,24.134764
2024-06-05 12:41:39,4013,PICO-04,100.0,4.719125,0.8739914,0.0,28.764497
2024-06-05 13:26:45,4014,PICO-04,80.0,5.231625,0.9076233,0.0,19.702341800000003
2024-06-05 13:58:05,1015,PICO-06,83.0,6.5264999999999995,0.8934935,0.0,18.5112209
2024-06-05 14:02:18,1015,PICO-06,63.0,6.238625,0.772367,0.0,15.541332200000001
2024-06-10 15:41:42,GUEST,PICO-01,93.0,4.30375,0.9532715,0.8333333,35.21411299999999
2024-06-10 16:10:05,GUEST,PICO-01,75.0,5.36325,0.9246943,0.0,21.140029300000002
2024-06-16 10:45:22,GUEST,PICO-06,97.0,6.222125,0.9728837,0.0,22.9009818
2024-06-16 14:09:42,GUEST,PICO-06,98.0,6.41625,0.9384581,0.0,17.3905717
2024-06-17 13:03:39,GUEST,PICO-06,114.0,5.71825,0.9537098,0.625,24.9480572
2024-06-18 15:14:20,GUEST,PICO-06,118.0,5.82475,0.957041,0.0,27.2684447
2024-06-23 12:09:45,GUEST,PICO-04,48.0,5.669375,0.8473456,0.0,11.793585199999999
2024-06-24 11:15:53,GUEST,PICO-06,94.0,7.619000000000001,0.9639635,0.0,13.937291
2024-06-24 12:34:17,GUEST,PICO-06,0.0,8.408625,nan,nan,0.0
2024-06-24 12:38:51,GUEST,PICO-06,0.0,6.994749999999999,0.0,0.0,0.0
2024-06-24 13:55:34,GUEST,PICO-06,105.0,6.351,0.9435425,0.875,19.7713769
2024-06-25 15:42:28,GUEST,PICO-06,122.0,5.695625000000001,0.9604186,0.0,24.296511
2024-06-26 12:21:55,GUEST,PICO-06,149.0,5.2642500000000005,0.9557231,0.875,28.445669
2024-06-26 15:29:34,GUEST,PICO-06,79.0,5.084625000000001,0.885574,0.0,20.5379173
2024-06-26 17:13:22,GUEST,PICO-02,36.0,6.80825,nan,nan,5.1740508
2024-06-30 13:45:29,GUEST,PICO-06,105.0,5.732125,0.9412314,0.0,18.896176299999997
2024-06-30 13:56:17,GUEST,PICO-06,130.0,5.4338750000000005,0.9602183,0.875,29.65322
2024-06-30 14:21:48,GUEST,PICO-06,55.0,5.0085,0.6478003,0.0,15.2115436
2024-07-01 11:54:13,GUEST,PICO-06,94.0,5.473875,0.9530824,0.0,21.954063200000004
2024-07-01 13:40:30,GUEST,PICO-04,51.0,6.0032499999999995,0.8294715,0.0,12.765782
2024-07-02 11:23:28,GUEST,PICO-06,89.0,5.2,0.9480954,0.0,25.2599281
2024-07-02 16:43:40,GUEST,PICO-02,63.0,6.257,0.9112627,0.0,17.673674000000005
2024-07-03 08:48:03,GUEST,PICO-06,144.0,5.499249999999999,0.9588172,0.875,28.5413292
2024-07-03 12:02:34,GUEST,PICO-06,117.0,5.500500000000001,0.8769712,0.0,23.396503999999997
2024-07-03 12:02:39,GUEST,PICO-04,93.0,6.0947499999999994,0.8749989,0.0,19.167762
2024-07-03 12:05:25,GUEST,PICO-04,121.0,5.50725,0.9001732,0.9166667,25.1036509
2024-07-03 12:24:10,GUEST,PICO-06,131.0,5.828875,0.9860879,0.875,27.93555
2024-07-04 10:33:14,GUEST,PICO-06,104.0,6.209499999999999,0.9882654,0.0,20.164928
2024-07-04 10:43:51,GUEST,PICO-06,115.0,5.2575,0.9444121,0.0,28.968366
2024-07-04 12:21:56,GUEST,PICO-06,80.0,4.959625000000001,0.948324,0.0,17.152779000000002
2024-07-04 12:29:23,GUEST,PICO-06,95.0,4.605874999999999,0.9230703,0.0,24.574243000000003
2024-07-04 12:44:56,GUEST,PICO-06,112.0,5.2296249999999995,0.9349741,0.0,32.181776
2024-07-04 13:23:43,GUEST,PICO-06,96.0,5.019375,0.993857,0.75,26.713031600000004
2024-07-04 13:28:04,GUEST,PICO-06,72.0,4.3957500000000005,0.9149452,0.0,22.995723400000003
2024-07-04 13:31:32,GUEST,PICO-06,88.0,5.5767500000000005,0.9602486,0.0,18.790530999999998
2024-07-04 13:34:44,GUEST,PICO-06,80.0,4.8107500000000005,0.9993048,0.625,29.675052799999996
2024-07-04 13:57:08,GUEST,PICO-06,83.0,5.3382499999999995,0.9467374,0.0,20.586045099999996
2024-07-04 17:06:37,GUEST,PICO-06,127.0,4.82175,0.9522933,0.0,33.612841
2024-07-04 17:09:24,GUEST,PICO-06,118.0,4.87775,0.9399262,0.0,27.892559
2024-07-07 09:07:03,GUEST,PICO-04,68.0,5.487625,0.9408274,0.0,23.9756167
2024-07-07 13:09:18,GUEST,PICO-02,78.0,5.3115,0.9687113,0.0,19.373572000000003
2024-07-07 13:57:58,GUEST,PICO-04,15.0,3.511875,0.4763455,0.0,6.5439191999999995
2024-07-07 15:03:12,GUEST,PICO-04,116.0,4.67825,0.9689108,0.0,28.262429
2024-07-08 08:57:24,GUEST,PICO-02,118.0,5.656750000000001,0.9699024,0.0,26.331935000000005
2024-07-08 09:01:16,GUEST,PICO-02,112.0,5.61025,0.8867796,0.0,27.550325
2024-07-08 11:49:13,1022,PICO-04,107.0,3.716125,0.8774964,0.0,32.663996000000004
2024-07-08 13:28:46,GUEST,PICO-02,113.0,5.361249999999999,0.9483644,0.0,29.396651000000002
2024-07-08 13:38:45,GUEST,PICO-02,114.0,5.936,0.9119984,0.0,21.417540000000002
2024-07-09 11:48:16,1002,PICO-07,105.0,5.199375000000001,0.9338336,0.0,28.500828000000002
2024-07-09 12:08:55,GUEST,PICO-07,37.0,5.372875,0.9024168,0.0,10.8214239
2024-07-09 14:22:34,1003,PICO-01,92.0,5.454875,0.8862762,0.5,19.602851700000002
2024-07-10 09:45:18,GUEST,PICO-02,66.0,4.637625,0.9410957,0.0,16.359453000000002
2024-07-10 09:52:08,GUEST,PICO-02,35.0,5.633624999999999,0.628555,0.0,9.835771600000001
2024-07-10 10:00:08,GUEST,PICO-02,72.0,5.939875,0.9067087,0.8333333,20.531002200000003
2024-07-10 10:10:35,GUEST,PICO-02,52.0,5.84925,0.7841176,0.0,8.1049847
2024-07-10 10:16:48,GUEST,PICO-02,7.0,6.489,0.1820123,0.0,0.9617198
2024-07-10 10:28:04,GUEST,PICO-02,84.0,4.837,0.9257658,0.0,21.1618585
2024-07-10 10:43:24,GUEST,PICO-02,104.0,5.86475,0.9579713,0.0,23.9479395
2024-07-10 10:46:29,GUEST,PICO-02,128.0,5.72375,0.9297686,1.0,29.181920999999996
2024-07-10 10:56:39,GUEST,PICO-02,56.0,5.375625,0.7951683,0.0,9.7639782
2024-07-10 11:51:13,GUEST,PICO-01,45.0,5.4662500000000005,0.896199,0.1428571,14.5175861
2024-07-10 12:03:48,GUEST,PICO-01,28.0,5.859375,0.8132395,0.0,7.696329700000001
2024-07-10 14:30:12,GUEST,PICO-01,89.0,5.01125,0.9900706,0.0,19.031312
2024-07-10 14:42:45,GUEST,PICO-01,103.0,5.944,0.9377247,0.75,21.380946400000003
2024-07-11 08:04:28,GUEST,PICO-02,62.0,7.25625,0.8135358,0.0,8.8182941
2024-07-11 11:26:57,GUEST,PICO-02,107.0,5.395000000000001,0.8321678,0.9166667,24.646862999999996
2024-07-11 12:59:39,GUEST,PICO-02,73.0,5.734875,0.9899275,0.0,13.962901
2024-07-12 21:36:35,GUEST,PICO-06,60.0,5.487875,0.8642067,0.0,14.5451658
2024-07-14 14:09:51,GUEST,PICO-02,0,0.0,0.0,0.0,0
2024-07-15 13:00:41,GUEST,PICO-02,0,0.0,0.0,0.0,0
2024-07-15 15:12:28,GUEST,PICO-02,0,0.0,0.0,0.0,0
2024-07-16 10:57:57,GUEST,PICO-02,0,0.0,0.0,0.0,0
2024-07-16 11:28:20,GUEST,PICO-01,33.0,4.591,0.5419541,0.0,10.1409074
2024-07-16 11:53:46,GUEST,PICO-02,0,0.0,0.0,0.0,0
2024-07-16 14:48:57,GUEST,PICO-02,0,0.0,0.0,0.0,0
2024-07-16 14:52:27,GUEST,PICO-02,0,0.0,0.0,0.0,0
2024-07-16 15:20:25,GUEST,PICO-02,100.0,5.777,0.9596719,0.0,20.074524999999998
2024-07-16 19:31:04,GUEST,PICO-06,70.0,6.146375,0.8243154,0.0,12.183252
2024-07-16 19:34:21,GUEST,PICO-04,95.0,5.3953750000000005,0.8458632,0.0,26.100229
2024-07-16 19:54:45,GUEST,PICO-04,92.0,4.307250000000001,0.8623857,0.0,31.2323401
2024-07-17 10:38:59,GUEST,PICO-02,122.0,6.0246249999999995,0.9610075,0.0,22.736642000000003
2024-07-17 11:48:07,GUEST,PICO-02,113.0,5.265125,0.9094485,0.0,21.845951000000003
2024-07-17 16:51:42,GUEST,PICO-02,93.0,5.152125,0.8629787,0.0,22.316371
2024-07-18 11:13:27,GUEST,PICO-02,106.0,5.02475,0.9434654,0.0,23.441667000000002
2024-07-18 13:18:33,GUEST,PICO-02,116.0,5.157125,0.9404533,0.75,27.196115999999996
2024-07-18 13:54:55,GUEST,PICO-02,83.0,5.036625,0.8995878,0.0,23.7645377
2024-07-22 22:53:00,GUEST,PICO-06,16.0,7.343249999999999,0.3734823,0.0,2.2027433999999997
2024-07-29 15:26:57,GUEST,PICO-04,38.0,5.311,0.677163,0.0,10.061572
2024-08-06 13:35:43,GUEST,PICO-06,59.0,6.140375000000001,0.7951619,0.0,12.5977986
2024-08-06 13:37:07,GUEST,PICO-02,98.0,5.936249999999999,0.8969485,0.0,18.7131227
2024-08-07 11:15:56,GUEST,PICO-02,144.0,5.675375,0.9618807,0.0,27.994187999999998
2024-08-07 13:21:28,GUEST,PICO-02,118.0,5.8008750000000004,0.9383414,0.0,24.364099999999997
2024-08-07 13:40:01,GUEST,PICO-02,91.0,5.093875000000001,0.8876373,0.0,21.060108000000003
2024-08-07 16:50:48,GUEST,PICO-02,118.0,5.371875,0.9253847,0.0,24.337228
2024-08-08 15:19:56,GUEST,PICO-02,43.0,6.489875,0.8895,0.0,11.5114903
2024-08-12 11:50:48,GUEST,PICO-06,75.0,5.256875,0.9255939,0.3333333,19.2077679
2024-08-12 13:20:12,GUEST,PICO-02,88.0,6.028250000000001,0.9834302,0.375,18.6644394
2024-08-12 13:56:53,GUEST,PICO-02,81.0,6.314375,0.9519995,0.0,14.462015300000001
2024-08-13 18:54:54,GUEST,PICO-06,84.0,5.873375,0.9546037,1.0,27.0424959
2024-08-14 09:02:12,GUEST,PICO-02,0,0.0,0.0,0.0,0
2024-08-14 09:02:39,GUEST,PICO-02,0.0,0.85,0.0,0.0,0.0
2024-08-14 09:37:55,GUEST,PICO-02,0.0,2.113,0.0,0.0,0.0
2024-08-14 09:40:45,GUEST,PICO-02,0,0.0,0.0,0.0,0
2024-08-14 09:44:21,GUEST,PICO-02,0,0.0,0.0,0.0,0
2024-08-14 10:35:42,GUEST,PICO-02,85.0,5.25775,0.8448825,0.0,26.7019541
2024-08-14 12:37:51,GUEST,PICO-02,71.0,5.756874999999999,0.9327094,0.0,16.7033448
2024-08-14 12:49:27,GUEST,PICO-02,0,0.0,0.0,0.0,0
2024-08-14 12:50:28,GUEST,PICO-02,0,0.0,0.0,0.0,0
2024-08-14 12:50:38,GUEST,PICO-02,0,0.0,0.0,0.0,0
2024-08-14 12:51:21,GUEST,PICO-02,0,0.0,0.0,0.0,0
2024-08-14 13:01:58,GUEST,PICO-02,0.0,1.489,0.0,0.0,0.0
2024-08-14 14:26:16,GUEST,PICO-02,0.0,3.795,0.0,0.0,0.0
2024-08-14 14:48:17,GUEST,PICO-02,0,0.0,0.0,0.0,0
2024-08-14 16:24:18,GUEST,PICO-02,82.0,4.296875,0.9285781,0.0,19.9853128
2024-08-15 15:08:34,GUEST,PICO-02,93.0,4.616,0.9087518,0.0,24.155251999999997
2024-08-18 15:26:44,0,PICO-02,134.0,5.225499999999999,0.9688311,0.875,34.382716
2024-08-20 13:32:19,0,PICO-02,0,0.0,0.0,0.0,0
2024-08-20 13:32:39,0,PICO-02,5.0,2.216,0.3665597,1.0,2.256318
2024-08-20 13:32:54,0,PICO-02,15.0,1.7650000000000001,0.9572076,1.0,9.530693
2024-08-21 11:18:18,0,PICO-02,0,0.0,0.0,0.0,0
2024-08-21 11:18:38,0,PICO-02,0,0.0,0.0,0.0,0
2024-08-21 17:41:12,GUEST,PICO-06,36.0,6.3105,0.7441901,0.0,7.386057900000001
2024-08-22 11:16:59,0,PICO-02,126.0,5.52525,0.975052,0.0,26.619683
2024-08-24 19:12:19,GUEST,PICO-06,73.0,4.51175,0.9330384,0.0,16.963390999999998
2024-08-25 14:45:41,0,PICO-02,109.0,5.41,0.9381925,0.0,22.31355
2024-08-25 17:09:27,GUEST,PICO-03,112.0,5.678875,0.9595982,1.0,29.900285399999998
2024-08-26 09:05:30,0,PICO-02,14.0,2.377,0.9459836,1.0,5.7787109999999995
2024-08-26 09:05:58,0,PICO-02,0,0.0,0.0,0.0,0
2024-08-26 09:06:07,0,PICO-02,0,0.0,0.0,0.0,0
2024-08-26 09:06:29,0,PICO-02,0,0.0,0.0,0.0,0
2024-08-26 09:06:42,0,PICO-02,102.0,5.666499999999999,0.8784705,0.0,20.753322
2024-08-26 10:17:18,0,PICO-02,0,0.0,0.0,0.0,0
2024-08-26 10:17:25,0,PICO-02,0,0.0,0.0,0.0,0
2024-08-26 10:17:33,0,PICO-02,0,0.0,0.0,0.0,0
2024-08-26 13:44:23,0,PICO-02,125.0,5.345375,0.9738382,0.0,27.453006
2024-08-27 10:37:31,0,PICO-01,100.0,5.117375,0.9229804,0.0,25.977088000000002
2024-08-27 12:53:33,0,PICO-01,0,0.0,0.0,0.0,0
2024-08-28 11:43:25,GUEST,PICO-06,55.0,6.0825000000000005,0.9664167,0.0,12.134619
2024-08-28 11:49:42,0,PICO-02,107.0,4.502625,0.9182389,0.875,31.176931000000003
2024-08-28 16:13:05,0,PICO-02,118.0,5.695625000000001,0.9900031,0.0,25.746904
2024-08-29 09:22:05,0,PICO-02,93.0,5.277625,0.8915253,0.0,17.439617
2024-08-29 11:20:53,0,PICO-02,4.0,1.343,0.661337,1.0,2.978406
2024-08-29 11:24:10,0,PICO-02,4.0,0.637,0.1676283,1.0,6.279435
2024-09-01 16:12:12,0,PICO-02,0,0.0,0.0,0.0,0
2024-09-01 16:14:57,0,PICO-02,0,0.0,0.0,0.0,0
2024-09-01 16:15:08,0,PICO-02,0,0.0,0.0,0.0,0
2024-09-02 09:22:22,0,PICO-02,76.0,5.083125,0.8188674,0.375,26.237895899999998
2024-09-02 10:32:50,GUEST,PICO-06,39.0,5.929374999999999,0.7306033,0.0,6.4667095
2024-09-02 10:56:13,0,PICO-06,27.0,6.341125,0.705691,0.0,6.342298800000001
2024-09-02 14:22:50,0,PICO-02,0,0.0,0.0,0.0,0
2024-09-02 14:23:53,0,PICO-02,0,0.0,0.0,0.0,0
2024-09-02 15:50:08,0,PICO-02,0,0.0,0.0,0.0,0
2024-09-02 15:54:39,0,PICO-02,129.0,4.7675,0.9663742,0.875,31.358373999999998
2024-09-02 16:00:30,0,PICO-02,121.0,4.442875,0.9512865,0.0,34.598814
2024-09-02 16:07:18,0,PICO-02,139.0,4.51575,0.9651409,1.0,42.57710300000001
2024-09-03 13:48:01,0,PICO-06,109.0,5.1606250000000005,0.964697,0.875,25.344997999999997
2024-09-04 09:37:58,0,PICO-02,151.0,5.3605,0.9576206,0.0,37.037811000000005
2024-09-04 09:55:02,0,PICO-02,4.0,1.951,0.4530367,1.0,2.050231
2024-09-04 11:17:04,0,PICO-02,130.0,5.6535,0.9551872,0.0,30.139085000000005
2024-09-05 13:10:55,0,PICO-02,104.0,5.1225,0.9611051,0.0,24.937185
2024-09-08 13:47:59,0,PICO-02,112.0,5.26175,0.9507542,1.0,30.129414000000004
2024-09-10 12:43:34,0,PICO-02,106.0,5.11475,0.9658817,0.75,28.525035999999997
2024-09-10 17:24:01,0,PICO-02,84.0,4.726875000000001,0.8300569,0.625,19.973391
2024-09-11 10:04:47,0,PICO-06,60.0,6.023,0.9385145,0.0,18.04515694
2024-09-11 10:42:50,0,PICO-02,101.0,5.7993749999999995,0.9389139,0.0,26.78837
2024-09-12 11:59:45,0,PICO-02,112.0,5.55075,0.9518414,0.0,21.986774000000004
2024-09-15 11:37:30,0,PICO-02,117.0,5.3256250000000005,0.9456867,0.0,28.914136000000003
2024-09-15 11:43:40,0,PICO-02,135.0,5.757124999999999,0.9628153,0.0,30.491245999999997
2024-09-15 18:54:34,0,PICO-06,46.0,5.895875000000001,0.8030998,0.0,9.6263955
2024-09-15 19:29:22,0,PICO-06,85.0,6.5352500000000004,0.8624177,0.0,21.339392999999998
2024-09-15 19:39:57,0,PICO-02,45.0,7.8812500000000005,0.8415503,0.0,6.9246447
2024-09-15 19:40:40,0,PICO-04,44.0,5.64725,0.7584459,0.0,12.076024199999999
2024-09-15 20:23:36,0,PICO-02,88.0,6.1725,0.8480425,0.6,18.0568004
2024-09-15 20:25:45,0,PICO-04,56.0,6.326875,0.8324701,0.6666667,15.062535999999998
2024-09-15 21:44:18,0,PICO-02,52.0,5.617875000000001,0.6523469,0.0,12.7649072
2024-09-15 21:49:15,0,PICO-06,79.0,7.39625,0.9312004,0.0,12.4999562
2024-09-16 14:57:39,0,PICO-06,83.0,6.016249999999999,0.8589995,0.0,18.370587
2024-09-17 13:22:55,0,PICO-06,27.0,6.856375,0.4003044,0.0,4.7381286
2024-09-17 14:17:12,0,PICO-01,109.0,5.154125,0.9747,0.0,34.81221
2024-09-18 11:21:20,0,PICO-01,4.0,1.96,0.5167584,1.0,2.040816
2024-09-18 11:30:01,0,PICO-01,74.0,6.178875,0.9102848,0.5,16.0388317
2024-09-19 12:08:02,0,PICO-01,12.0,2.3445,0.7474521,1.0,6.653741999999999
2024-09-19 14:49:02,0,PICO-01,0,0.0,0.0,0.0,0
2024-09-19 15:16:47,0,PICO-01,10.0,1.8715000000000002,0.6886644,0.5,6.440665
2024-09-23 09:15:10,0,PICO-01,37.0,6.15625,0.8748916,0.0,9.9039844
2024-09-23 11:03:50,0,PICO-01,138.0,5.379625,0.9646904,0.0,31.437141
2024-09-23 13:48:31,0,PICO-01,5.0,1.334,0.6895844,1.0,3.748126
2024-09-23 13:48:53,0,PICO-01,0.0,0.9,0.0,0.0,0.0
2024-09-24 10:26:37,0,PICO-01,4.0,1.896,0.5351008,1.0,2.109704
2024-09-24 16:59:38,0,PICO-04,35.0,5.938625,0.9063652,0.0,11.563248580000002
2024-10-13 12:59:42,0,PICO-01,20.0,1.73975,0.9611058,0.0,10.470939
2024-10-13 13:31:57,0,PICO-01,43.0,3.465,0.9883971,1.0,12.208
2024-10-13 13:51:58,0,PICO-01,7.0,3.1665,0.8362924,0.5,2.5714719
2024-10-13 14:27:56,0,PICO-06,55.0,4.281625,0.9011484,0.5,27.583263319999997
2024-10-14 09:59:25,0,PICO-01,78.0,6.15925,0.8948556,0.0,17.280856
2024-10-14 13:37:34,0,PICO-04,72.0,5.473375,0.7664666,0.5,16.8186942
2024-10-14 13:46:04,0,PICO-04,72.0,6.22375,0.7974243,0.0,13.5052655
2024-10-14 13:48:48,0,PICO-02,66.0,5.3435,0.8917572,0.0,17.865262400000002
2024-10-14 13:52:36,0,PICO-04,0,0.0,0.0,0.0,0
2024-10-14 13:53:22,0,PICO-04,0.0,5.02,nan,nan,0.0
2024-10-14 13:53:50,0,PICO-04,105.0,6.96525,0.9400774,0.0,16.958054
2024-10-14 13:54:33,0,PICO-06,89.0,6.70175,0.9581137,0.0,18.619079300000003
2024-10-14 13:56:52,0,PICO-06,79.0,6.318,0.9460124,0.0,15.553524
2024-10-14 14:00:35,0,PICO-06,99.0,5.521,0.9031352,0.0,18.84703
2024-10-14 14:02:47,0,PICO-06,87.0,5.915750000000001,0.9240305,0.875,21.014812299999996
2024-10-14 14:06:33,0,PICO-02,55.0,5.468875000000001,0.8825108,0.5555556,15.8838645
2024-10-14 14:07:49,0,PICO-06,70.0,6.48025,0.8248742,0.0,13.5415977
2024-10-14 14:11:13,0,PICO-06,63.0,6.049875,0.8745332,0.0,15.935318
2024-10-14 14:13:52,0,PICO-06,77.0,5.728125,0.8919888,0.0,16.514136
2024-10-14 14:16:33,0,PICO-02,67.0,5.745625,0.9724919,0.0,24.4596937
2024-10-14 14:17:05,0,PICO-06,87.0,3.52,0.9758536,0.0,30.613619
2024-10-14 14:20:01,0,PICO-04,0,0.0,0.0,0.0,0
2024-10-14 14:20:36,0,PICO-04,86.0,5.5255,0.9857714,0.375,23.5258552
2024-10-14 14:23:42,0,PICO-04,4.0,2.167,0.5690385,1.0,1.84587
2024-10-14 14:23:57,0,PICO-04,105.0,5.649125,0.9514281,0.0,24.168845
2024-10-14 14:27:44,0,PICO-04,5.0,3.776,0.3453961,1.0,1.324153
2024-10-14 14:28:09,0,PICO-04,0.0,2.148,0.0,0.0,0.0
2024-10-14 14:28:24,0,PICO-04,68.0,5.15325,0.9304053,0.0,17.9956417
2024-10-14 14:40:04,0,PICO-04,107.0,5.7768749999999995,0.9557534,0.6666667,25.859578
2024-10-14 14:53:32,0,PICO-01,0,0.0,0.0,0.0,0
2024-10-15 08:29:09,0,PICO-01,104.0,6.109125000000001,0.9903498,1.0,24.460701
2024-10-15 11:35:11,0,PICO-01,5.0,3.885,0.5879389,1.0,1.287001
2024-10-27 11:52:58,0,PICO-01,94.0,5.354375,0.9528158,0.0,23.489749
2024-10-28 10:49:45,0,PICO-01,5.0,1.23,0.886738,1.0,4.065041
2024-10-28 10:53:15,0,PICO-01,0.0,0.6,0.0,0.0,0.0
2024-10-28 11:09:20,0,PICO-01,4.0,1.214,0.4636538,1.0,3.294893
2024-10-28 11:54:41,0,PICO-01,5.0,0.964,0.5203164,1.0,5.186722
2024-10-28 12:48:36,0,PICO-01,4.0,2.152,0.4445633,1.0,1.858736
2024-10-28 17:28:52,0,PICO-02,19.0,5.953375,0.4099707,0.0,2.878662
2024-10-28 17:43:01,0,PICO-02,0.0,5.027,nan,nan,0.0
2024-10-28 17:43:44,0,PICO-02,37.0,4.835875,0.533757,0.0,10.190164200000002
2024-10-28 17:47:14,0,PICO-02,67.0,5.0065,0.8875366,0.0,22.3646921
2024-10-31 09:34:51,itzik,PICO-01,126.0,6.126625,0.9957666,0.0,21.217840999999996
2024-10-31 09:37:48,itzik,PICO-01,4.0,1.295,0.5756906,1.0,3.088803
2024-11-01 16:10:22,0,PICO-03,142.0,6.416,0.9734474,1.0,22.6307588
2024-11-04 10:44:47,GUEST,PICO-01,38.0,3.3385,0.9622736,1.0,14.155231
2024-11-04 10:52:27,boaz,PICO-06,15.0,1.229,0.973728,1.0,12.077487999999999
2024-11-04 10:52:29,itzik,PICO-01,109.0,5.593375,0.9669358,0.0,29.000207999999997
2024-11-04 10:54:43,itzik,PICO-01,4.0,1.913,0.4032869,1.0,2.090957
2024-11-04 10:55:06,itzik,PICO-01,4.0,0.926,0.4921553,1.0,4.319654
2024-11-04 11:59:26,itzik,PICO-01,5.0,1.404,0.9081399,1.0,3.561254
2024-11-04 14:08:38,itzik,PICO-01,37.0,1.8678749999999997,0.8956477,0.0,22.8747968
2024-11-04 17:01:20,itzik,PICO-01,5.0,2.133,0.594515,1.0,2.344116
2024-11-05 12:24:38,GUEST,PICO-01,0,0.0,0.0,0.0,0
2024-11-05 13:39:56,GUEST,PICO-01,0,0.0,0.0,0.0,0
2024-11-05 13:45:54,GUEST,PICO-01,0,0.0,0.0,0.0,0
2024-11-05 13:55:38,0,PICO-01,0,0.0,0.0,0.0,0
2024-11-05 14:48:35,itzik,PICO-01,0.0,1.694,nan,nan,nan
2024-11-05 15:00:41,itzik,PICO-01,0,0.0,0.0,0.0,0
2024-11-06 08:21:02,0,PICO-03,124.0,5.554625,0.9450408,0.75,25.840362
2024-11-06 10:15:30,itzik,PICO-01,65.0,5.133,0.8326131,0.0,nan
2024-11-06 11:58:34,itzik,PICO-01,0.0,3.5116666666666667,nan,nan,nan
2024-11-06 15:08:40,itzik,PICO-01,66.0,6.00175,0.8546618,0.0,11.9432657
2024-11-06 15:11:42,itzik,PICO-01,90.0,6.1865000000000006,0.9433382,0.2,16.9783543
2024-11-07 11:42:41,ui,PICO-01,62.0,4.021333333333334,0.905749,0.0,nan
2024-11-07 12:27:08,0,PICO-01,11.0,1.8445,0.9274126,1.0,7.054656
2024-11-07 12:40:35,GUEST,PICO-01,4.0,0.751,0.2499454,1.0,5.326232
2024-11-07 12:50:51,itzik,PICO-01,89.0,5.343125000000001,0.8287598,0.875,17.408407999999998
2024-11-07 13:00:38,itzik,PICO-01,130.0,5.366,0.9472926,0.0,30.584373999999997
2024-11-07 13:16:59,itzik,PICO-01,92.0,3.986666666666667,0.9525769,1.0,39.611472
2024-11-07 15:56:36,0,PICO-06,100.0,5.51875,0.9389274,0.5,25.4229906
2024-11-10 09:05:17,itzik,PICO-01,0.0,1.447,0.0,0.0,0.0
2024-11-10 10:21:59,0,PICO-06,80.0,5.146125,0.8244449,0.0,20.222446
2024-11-10 16:03:36,itzik,PICO-01,0,0.0,0.0,0.0,0
2024-11-10 16:04:59,itzik,PICO-01,116.0,5.5945,0.9288096,0.0,31.529247
2024-11-12 10:53:42,itzik,PICO-04,99.0,5.795,0.9428844,0.0,21.745417000000003
2024-11-12 13:21:39,GUEST,PICO-06,6.0,4.199,0.7917157,1.0,1.577163
2024-11-12 13:38:08,GUEST,PICO-06,0.0,5.0,nan,nan,0.0
